{
  "T_ndi_base": {
    "matrix": [
      [
        0.015098725238533506,
        -0.006330503200008497,
        -0.999865967630365,
        389.8803616985629
      ],
      [
        0.2694205014009265,
        0.9630204969348349,
        -0.002028770134107738,
        -12.561309778157442
      ],
      [
        0.9629042641514496,
        -0.2693537584898684,
        0.016245949228561485,
        -2599.8734628380125
      ],
      [
        0.0,
        0.0,
        0.0,
        1.0
      ]
    ],
    "translation_vector": [
      389.8803616985629,
      -12.561309778157442,
      -2599.8734628380125
    ],
    "euler_ZYX_deg": {
      "Z": 86.79241453664379,
      "Y": -74.34506063531828,
      "X": -86.5484125553447
    },
    "description": "NDI camera frame -> Robot base frame"
  },
  "T_ee_marker": {
    "matrix": [
      [
        0.010261949686998062,
        -0.035282196589918685,
        -0.9993247014821617,
        -0.3209686152196596
      ],
      [
        0.00768898686403824,
        0.9993505626854364,
        -0.03520415233046119,
        2.229972272057107
      ],
      [
        0.9999177825549589,
        -0.007322531262616675,
        0.010526569540065422,
        -4.967272209868458
      ],
      [
        0.0,
        0.0,
        0.0,
        1.0
      ]
    ],
    "translation_vector": [
      -0.3209686152196596,
      2.229972272057107,
      -4.967272209868458
    ],
    "euler_ZYX_deg": {
      "Z": 36.843176253585696,
      "Y": -89.26527876141724,
      "X": -34.82338978190018
    },
    "description": "Robot EE frame -> Marker frame"
  },
  "ndi_position_bias": [
    0.01444927776522679,
    0.008299063191719488,
    -0.12172637333146875
  ],
  "ndi_axis_scale": [
    1.0033936127836542,
    1.0004795731092708,
    1.002997367409633
  ],
  "translation_unit": "mm",
  "method": "Hybrid-HORAUD+LM+NDI-AXIS",
  "num_poses": 20,
  "navigation_formula": "T_base_ee_target = inv(T_ndi_base) @ T_ndi_marker_new @ inv(T_ee_marker)"
}