{
  "T_ndi_base": {
    "matrix": [
      [
        0.019461424336334354,
        -0.0034901667367382705,
        -0.9998045167426234,
        387.84365955032786
      ],
      [
        0.2471642922595015,
        0.9689725340853694,
        0.0014285727272242976,
        51.63919076338427
      ],
      [
        0.9687781302210846,
        -0.2471437778385833,
        0.019720230247442183,
        -2623.832965238815
      ],
      [
        0.0,
        0.0,
        0.0,
        1.0
      ]
    ],
    "translation_vector": [
      387.84365955032786,
      51.63919076338427,
      -2623.832965238815
    ],
    "euler_ZYX_deg": {
      "Z": 85.4978867558317,
      "Y": -75.64498781360768,
      "X": -85.43788981885429
    },
    "description": "NDI camera frame -> Robot base frame"
  },
  "T_ee_marker": {
    "matrix": [
      [
        -0.01166940857605353,
        -0.037663069185398274,
        -0.999222356696957,
        -4.99388598618629
      ],
      [
        0.010775810058258995,
        0.9992276341423658,
        -0.03778911329785754,
        1.819625051938622
      ],
      [
        0.9998738454530517,
        -0.011208406924531806,
        -0.011254545443537711,
        -2.584876440723445
      ],
      [
        0.0,
        0.0,
        0.0,
        1.0
      ]
    ],
    "translation_vector": [
      -4.99388598618629,
      1.819625051938622,
      -2.584876440723445
    ],
    "euler_ZYX_deg": {
      "Z": 137.27987970725502,
      "Y": -89.08989049480337,
      "X": -135.11768438320854
    },
    "description": "Robot EE frame -> Marker frame"
  },
  "ndi_position_bias": [
    0.005120225467109367,
    0.008220617348023165,
    -0.01293815844254196
  ],
  "ndi_axis_scale": [
    1.003099842279311,
    0.9990270143940003,
    1.0098596096954455
  ],
  "translation_unit": "mm",
  "method": "Hybrid-DANIILIDIS+LM+NDI-AXIS",
  "num_poses": 5,
  "navigation_formula": "T_base_ee_target = inv(T_ndi_base) @ T_ndi_marker_new @ inv(T_ee_marker)"
}