{
  "T_ndi_base": {
    "matrix": [
      [
        0.005784591603437306,
        -0.014386469213772207,
        -0.9998797767749593,
        395.08767318896884
      ],
      [
        0.29092934796276304,
        0.9566682543439842,
        -0.012081623417224963,
        -18.012178825675797
      ],
      [
        0.9567270525044972,
        -0.2908244842409168,
        0.009719381259202409,
        -2721.7237009420614
      ],
      [
        0.0,
        0.0,
        0.0,
        1.0
      ]
    ],
    "translation_vector": [
      395.08767318896884,
      -18.012178825675797,
      -2721.7237009420614
    ],
    "euler_ZYX_deg": {
      "Z": 88.86092956381161,
      "Y": -73.08295346008677,
      "X": -88.08588214578806
    },
    "description": "NDI camera frame -> Robot base frame"
  },
  "T_ee_marker": {
    "matrix": [
      [
        0.004847877959981262,
        -0.024583647720159682,
        -0.9996860218808985,
        -3.417459437115489
      ],
      [
        -0.006326113455689992,
        0.9996770109257702,
        -0.024614103986608613,
        1.2588932876682204
      ],
      [
        0.9999682386795248,
        0.006443453366707317,
        0.0046907932037345,
        -4.47020537100228
      ],
      [
        0.0,
        0.0,
        0.0,
        1.0
      ]
    ],
    "translation_vector": [
      -3.417459437115489,
      1.2588932876682204,
      -4.47020537100228
    ],
    "euler_ZYX_deg": {
      "Z": -52.536042897988196,
      "Y": -89.54334517086937,
      "X": 53.945619233671124
    },
    "description": "Robot EE frame -> Marker frame"
  },
  "ndi_position_bias": [
    0.4770669419828807,
    -1.0008027065972787,
    0.022877440088658232
  ],
  "ndi_axis_scale": [
    1.0035160298867323,
    0.9846846549068184,
    1.0649095417757783
  ],
  "translation_unit": "mm",
  "method": "Hybrid-HORAUD+LM+NDI-AXIS",
  "num_poses": 18,
  "navigation_formula": "T_base_ee_target = inv(T_ndi_base) @ T_ndi_marker_new @ inv(T_ee_marker)"
}