{
  "T_ndi_base": {
    "matrix": [
      [
        0.01456759851683559,
        -0.008700113971839757,
        -0.9998560361823743,
        389.2358724801178
      ],
      [
        0.268813411944274,
        0.96318192366349,
        -0.0044644693723978335,
        -11.765260112432006
      ],
      [
        0.963082101709055,
        -0.2687096759418537,
        0.016369954883677373,
        -2590.61523621468
      ],
      [
        0.0,
        0.0,
        0.0,
        1.0
      ]
    ],
    "translation_vector": [
      389.2358724801178,
      -11.765260112432006,
      -2590.61523621468
    ],
    "euler_ZYX_deg": {
      "Z": 86.89804810860312,
      "Y": -74.38286536741914,
      "X": -86.51381521400836
    },
    "description": "NDI camera frame -> Robot base frame"
  },
  "T_ee_marker": {
    "matrix": [
      [
        0.004294624805921354,
        -0.034597860599930155,
        -0.9993920873409414,
        -0.1986201323941378
      ],
      [
        -0.0036174558353016893,
        0.9993942270363614,
        -0.03461347973945127,
        0.3389367198720717
      ],
      [
        0.99998423498126,
        0.003763908646814128,
        0.004166867005608865,
        -1.3570490491647353
      ],
      [
        0.0,
        0.0,
        0.0,
        1.0
      ]
    ],
    "translation_vector": [
      -0.1986201323941378,
      0.3389367198720717,
      -1.3570490491647353
    ],
    "euler_ZYX_deg": {
      "Z": -40.10816372517526,
      "Y": -89.67827452817629,
      "X": 42.0913341680813
    },
    "description": "Robot EE frame -> Marker frame"
  },
  "ndi_position_bias": [
    0.05483917057888055,
    0.07649386120684903,
    0.031358560867220275
  ],
  "ndi_axis_scale": [
    1.00016035835996,
    0.9985993068854361,
    0.9970857209292362
  ],
  "translation_unit": "mm",
  "method": "Hybrid-ANDREFF+LM+NDI-AXIS",
  "num_poses": 20,
  "navigation_formula": "T_base_ee_target = inv(T_ndi_base) @ T_ndi_marker_new @ inv(T_ee_marker)"
}